CÓDIGO,NOMBRE (catálogo Odoo),Presentación,,
,,,Lista USD,Lista BCV (Euro)
,,,USD s/IVA,VES s/IVA
1,ELITE API SP SAE 0W-20 (1x6),,42.24,52.59
7,ELITE API SN SAE 5W-20 (1x6),,39.66,50
13,ELITE API SN SAE 5W-30 (1x6),,39.66,50
19,ELITE API SN SAE 5W-40 (1x6),,39.66,50
25,SS EXTRA PROTECCION API SN SAE 10W-30 (Gasolina) (1x6),,31.03,38.79
35,API SN SAE 15W‐40 SemiSintético Tambor 208 L,,875,"1,093.97"
41,API SN SAE 20W‐50 SemiSintético Tambor 208 L,,875,"1,093.97"
51,"API SL SAE 15W‐40 Mineral Multigrado Paila 18,92 L",,77.59,96.55
53,API SL SAE 15W‐40 Mineral Multigrado Tambor 208 L,,762.07,952.59
57,CLASICO API SL SAE 20W-50 (PAILA),,77.59,96.55
59,API SL SAE 20W‐50 Mineral Multigrado Tambor 208 L,,761.21,951.72
73,SUPREMO API CI-4 SAE 15W-40 (PAILA),,78.45,98.28
75,SUPREMO API CI-4 SAE 15W-40 (Tambor),,804.31,"1,006.03"
78,SUPREMO API CI-4 SAE 20W-50 (Paila),,90.52,112.93
80,API CI ‐ 4 SAE 20W‐50 Diésel Multigrado Tambor 208 L,,896.55,"1,119.83"
83,MAXIMO API CF SAE 50 (PAILA),,69.83,87.93
85,MAXIMO API CF SAE 50 (Tambor),,710.34,887.93
87,ENDUROGLOB 2T AIRE (1x6),,28.45,35.34
91,ENDUROGLOB 2T AIRE (Tambor),,,
93,ALTA CILINDRADA SS API SN SAE 15W-40 (1x6),,29.31,36.21
107,TRANSMATIC ATF DEXRON III (PAILA),,78.45,98.28
109,TRANSMATIC ATF DEXRON III (Tambor),,788.79,985.34
112,"API GL ‐ 4 SAE 90 Cajas Sincrónicas Paila 18,92",,79.31,98.28
117,"API GL‐ 4 SAE 140 Cajas Sincrónicas Paila 18,92",,81.9,101.72
119,API GL‐ 4 SAE 140 Cajas Sincrónicas Tambor 208 L,,850,"1,062.07"
121,TRANSGLOB API GL-5 SAE 80W-90 (1x6),,31.03,38.79
123,TRANSGLOB API GL-5 SAE 80W-90 (Paila),,76.72,96.55
125,TRANSGLOB API GL-5 SAE 80W-90 (Tambor),,824.14,"1,030.17"
127,TRANSGLOB API GL-5 SAE 85W-140 (1x6),,31.03,38.79
129,TRANSGLOB API GL-5 SAE 85W-140 (Paila),,77.59,97.41
131,TRANSGLOB API GL-5 SAE 85W-140 (Tambor),,818.97,"1,024.14"
136,AW/ISO 32 Mineral Hidráulico Tambor 208 L,,769.83,962.93
139,HIDRAGLOB AW/ISO 46 (PAILA),,71.55,88.79
141,HIDRAGLOB AW/ISO 46 (Tambor),,780.17,975
144,HIDRAGLOB AW/ISO 68 (PAILA),,62.93,78.45
146,HIDRAGLOB AW/ISO 68 (Tambor),,688.79,860.34
149,"AW/ISO 100 Mineral Hidráulico Paila 18,92 L",,73.28,91.38
151,AW/ISO 100 Mineral Hidráulico Tambor 208 L,,806.03,"1,006.90"
154,"AW/ISO 150 Mineral Hidráulico Paila 18,92 L",,77.59,97.41
156,AW/ISO 150 Mineral Hidráulico Tambor 208 L,,839.66,"1,050.00"
161,AW/ISO 220 Mineral Hidráulico Tambor 208 L,,862.93,"1,078.45"
163,CARIBE FUERA DE BORDA TC-W3 2 TIEMPOS (1x6),,28.45,35.34
165,"Caribe TC‐W3 2 Tiempo Agua‐Fuera de Borda Paila 18,92 L",,85.34,106.9
167,Caribe TC‐W3 2 Tiempo Agua‐Fuera de Borda Tambor 208 L,,885.34,"1,106.90"
179,Ultramarino Sistema 4010 Tambor 208 L,,916.38,"1,144.83"
181,Ultramarino MT 4010 Tambor 208 L,,874.14,"1,092.24"
183,Ultramarino Sistema 3010 Tambor 208 L,,873.28,"1,091.38"
185,Ultramarino MT 4012 Tambor 208 L,,0,0
187,Ultramarino MD 4015 Tambor 208 L,,916.38,"1,144.83"
189,Ultramarino TPEO 3030 Tambor 208 L,,"1,031.90","1,289.66"
191,Ultramarino TPEO 4030 Tambor 208 L,,"1,075.86","1,343.97"
193,Ultramarino TPEO 4040 Tambor 208 L,,"1,192.24","1,489.66"
195,Ultramarino MR 4040 Tambor 208 L,,"1,192.24","1,489.66"
197,Ultramarino Cilindro 5040 Tambor 208 L,,"1,200.00","1,500.00"
199,Ultramarino Cilindro 5070 Tambor 208 L,,"1,293.97","1,617.24"
202,"TO‐4 SAE 10W Sistemas Hidráulicos y Mandos Finales Paila 18,92 L",,99.14,123.28
204,TO‐4 SAE 10W Sistemas Hidráulicos y Mandos Finales Tambor 208 L,,801.72,"1,001.72"
207,"TO‐4 SAE 30 Transmisiones Manuales Paila 18,92 L",,99.14,124.14
209,TO‐4 SAE 30 Transmisiones Manuales Tambor 208 L,,806.9,"1,008.62"
212,"TO‐4 SAE 50 Transmisiones Manuales Paila 18,92 L",,109.48,136.21
214,TO‐4 SAE 50 Transmisiones Manuales Tambor 208 L,,875,"1,093.97"
217,"CompresorGlob ISO 100 Paila 18,92 L",,77.59,97.41
219,CompresorGlob ISO 100 Tambor 208 L,,787.93,984.48
222,"CompresorGlob ISO 150 Paila 18,92 L",,79.31,98.28
224,CompresorGlob ISO 150 Tambor 208 L,,804.31,"1,005.17"
229,CompresorGlob ISO 220 Tambor 208 L,,820.69,"1,025.86"
232,"FrioGlob ISO 32 Paila 18,92 L",,0,0
234,FrioGlob ISO 32 Tambor 208 L,,0,0
237,"FrioGlob ISO 46 Paila 18,92 L",,0,0
239,FrioGlob ISO 46 Tambor 208 L,,0,0
242,FRIOGLOB ISO 68 (PAILA),,89.66,111.21
244,FrioGlob ISO 68 Tambor 208 L,,868.97,"1,086.21"
249,ISO 100 MINERAL ENGRANAJE 3EP Tambor 208 L,,794.83,993.1
254,ISO 150 MINERAL ENGRANAJE 4EP Tambor 208 L,,807.76,"1,009.48"
259,ENGRAGLOB ISO 220 (Tambor),,820.69,"1,025.86"
264,ENGRAGLOB ISO 320 (Tambor),,834.48,"1,043.10"
269,ISO 460 MINERAL ENGRANAJE 7EP Tambor 208 L,,844.83,"1,056.03"
274,ISO 680 MINERAL ENGRANAJE 8EP Tambor 208 L,,902.59,"1,128.45"
279,TurbiGlob ISO 32 Tambor 208 L,,774.14,967.24
284,TurbiGlob ISO 46 Tambor 208 L,,785.34,981.9
289,TurbiGlob ISO 68 Tambor 208 L,,791.38,988.79
294,TurbiGlob ISO 100 Tambor 208 L,,806.9,"1,007.76"
299,TurbiGlob ISO 150 Tambor 208 L,,815.52,"1,019.83"
304,TermoGlob ISO 22 Mineral Tambor 208 L,,756.03,944.83
307,TERMOGLOB ISO 32 (Paila),,86.21,107.76
309,TermoGlob ISO 32 Mineral Tambor 208 L,,771.55,963.79
314,TermoGlob ISO 46 Mineral Tambor 208 L,,781.9,976.72
319,TermoGlob ISO 68 Mineral Tambor 208 L,,795.69,993.97
324,TermoGlob ISO 100 Mineral Tambor 208 L,,806.03,"1,007.76"
329,TermoGlob ISO 150 Mineral Tambor 208 L,,824.14,"1,030.17"
334,TermoGlob ISO 220 Mineral Tambor 208 L,,833.62,"1,041.38"
337,GLOBAL SOLUBLE ACEITE EMULSIONABLE CORTES DE METAL (PAILA),,113.79,142.24
458,"API CI ‐ 4 SAE 20W‐50 Diésel Multigrado Paila Plus 18,92 L",,94.83,118.97
459,API CI ‐ 4 SAE 20W‐50 Diésel Multigrado Tambor Plus 208 L,,943.1,"1,179.31"
460,"CF/SF SAE 50 Diésel Monogrado Paila Plus 18,92 L",,86.21,107.76
461,CF/SF SAE 50 Diésel Monogrado Tambor Plus 208 L,,878.45,"1,097.41"
462,"API CI ‐ 4 SAE 15W‐40 Diésel Multigrado Paila Plus 18,92 L",,91.38,113.79
466,"SAE 10W30 Paila 18,92 L",,74.14,93.1
467,W SAE 40 Tambor 208 L,,874.14,"1,093.10"
468,SAE 10W30 Tambor 208 L,,867.24,"1,084.48"
473,SS EXTRA PROTECCION API CI-4 10W-30 (Diesel) (1x6),,31.9,39.66
474,API CI ‐ 4 SAE 15W‐40 Diésel Multigrado Tambor Plus 208 L,,920.69,"1,150.86"
494,TurbiGlob ISO 220 Tambor 208 L,,815.52,"1,019.83"
500,CF/SF SAE 40 Diésel Monogrado Tambor 208 L,,834.48,"1,043.10"
533,CF/SF SAE 20W 50 Diésel Multigrado Tambor 208 L,,879.31,"1,099.14"
536,MAXIMO API CF SAE 20W-50 (PAILA),,89.66,111.21
537,"Máximo CF/SF SAE 40 Paila 18,92 L",,,
544,"Global Pivote EP Paila 18,92 L",,104.31,130.17
561,MEJORADOR DE OCTANAJE GLOBAL OIL PACK (1X12),,29.31,37.07
599,Tren CF/CF‐2 SAE 40 Tambor 208 L,,984.48,"1,230.17"
602,SINOCO SAE 50 (PAILA),,57.76,72.41
603,SINOCO SAE 50 (Tambor),,547.41,683.62
605,SINOCO SAE 20W-50 (PAILA),,57.76,72.41
606,SINOCO SAE 20W-50 (Tambor),,547.41,683.62
717,C SAE 15W 40 Tambor 208 L,,907.76,"1,134.48"
725,AGUA DESMINERALIZADA,,13.79,17.24
761,LIGA PARA FRENOS DOT-3 (1x12),,22.41,28.45
762,LIGA PARA FRENOS DOT-3 (1x6),,33.62,42.24
774,LIGA PARA FRENOS DOT-4 (1X6),,40.52,50.86
775,LIGA PARA FRENOS DOT-4 (1X12),,26.72,32.76
779,SINOCO SAE 20W-50 (1x12),,41.38,51.72
782,API GL‐ 5 SAE 140 Tambor 208 L,,855.17,"1,068.97"
785,Concentrado Emulsionable Tambor 208 L,,487.07,608.62
786,Industrial biodegradable Tambor 208 L,,419.83,525
787,"Concentrado Emulsionable Paila 18,92 L",,48.28,60.34
788,"Industrial biodegradable Paila 18,92 L",,44.83,55.17
789,REFRIGERANTE GLOBAL VERDE (1X3),,20.69,25
790,REFRIGERANTE GLOBAL VERDE (Carboya),,41.38,50.86
791,Global GREEN COOLANT Anticongelante / Anticorrosivo Tambor 208 L,,367.24,458.62
792,REFRIGERANTE GLOBAL ROJO (1X3),,20.69,25
793,"Global RED COOLANT Anticongelante / Anticorrosivo Carboya 18,92 L",,41.38,50.86
794,REFRIGERANTE GLOBAL ROJO (Tambor),,367.24,458.62
795,REFRIGERANTE GLOBAL ORANGE PREMIUM 50-50 CONCENTRADO (1x3),,29.31,37.07
796,REFRIGERANTE GLOBAL ORANGE PREMIUM 50-50 CONCENTRADO (Carboya),,57.76,71.55
797,REFRIGERANTE GLOBAL ORANGE PREMIUM 50-50 CONCENTRADO (Tambor),,542.24,677.59
859,CF/SF SAE 20W 50 Diésel Multigrado Tambor 208 L,,879.31,"1,099.14"
860,"CF/SF SAE 20W 50 Diésel Multigrado Paila 18,92 L",,89.66,111.21
877,SS EXTRA PROTECCION API SN SAE 15W-40 (1X12),,62.07,82.76
878,SS EXTRA PROTECCION API SN SAE 20W-50 (1x12),,62.07,77.59
879,CARIBE FUERA DE BORDA TC-W3 2 TIEMPOS (1x12),,56.03,69.83
880,CLASICO API SL SAE 15W-40 (1x12),,53.45,67.24
881,CLASICO API SL SAE 20W-50 (1x12),,54.31,68.1
882,GRASA MULTIPLE EP 200 (PAILA),,138.79,173.28
883,GRASA GLOBAL AZUL AZ 95 (PAILA),,65.52,81.9
884,TRANSMATIC ATF DEXRON III (1x12),,57.76,71.55
885,TRANSMATIC ATF MERCON V (1x12),,90.52,112.93
886,TRANSMATIC DEXRON VI (1x12),,90.52,112.93
887,MOTOCLASICO 4T SAE 20W-50 (1x12),,56.9,70.69
888,ENDUROGLOB 2T AIRE (1x12),,56.9,70.69
915,SINOCO SAE 50 (1x12),,41.38,51.72
937,SS EXTRA PROTECCION API SN SAE 15W-40 (1X3),,59.48,75
938,CLASICO API SL SAE 20W-50 (1X3),,53.45,66.38
939,SUPREMO API CI-4 SAE 15W-40 (1X3),,68.97,86.21
940,MAXIMO API CF/SF SAE 50 (1X3),,62.07,77.59
970,GRASA GLOBAL AT 250 AR-EP (PAILA),,154.31,193.1
1035,SINOCO HIDRAULICO ISO 68 (PAILA),,,
1041,SINOCO API CF/SF SAE 15W-40 DIESEL (PAILA),,,