so,code,prod,fch,monpago,lista,pu,esperado,src,usd_pay,ves_pay,flag,absdev,pct,dist_nearest_list
S00007,881.0,[0881] CLASICO API SL SAE 20W-,2026-02-26,USD,USD,68.11,63.0,feb23,63.0,79.0,por_encima,5.109999999999999,8.11111111111111,5.109999999999999
S00007,884.0,[0884] TRANSMATIC ATF DEXRON I,2026-02-26,USD,USD,71.56,67.0,feb23,67.0,83.0,por_encima,4.560000000000002,6.805970149253734,4.560000000000002
S00033,879.0,[0879] CARIBE FUERA DE BORDA T,2026-03-05,USD,USD,69.83,65.0,feb23,65.0,81.0,por_encima,4.829999999999998,7.430769230769228,4.829999999999998
S00043,881.0,[0881] CLASICO API SL SAE 20W-,2026-03-06,VES,VES,59.7669,79.0,feb23,63.0,79.0,por_debajo,19.2331,-24.34569620253165,3.2331000000000003
S00004,884.0,[0884] TRANSMATIC ATF DEXRON I,2026-03-09,USD,USD,71.56,67.0,feb23,67.0,83.0,por_encima,4.560000000000002,6.805970149253734,4.560000000000002
S00004,877.0,[0877] SS EXTRA PROTECCION API,2026-03-09,USD,USD,90.48,72.0,feb23,72.0,96.0,por_encima,18.480000000000004,25.66666666666667,5.519999999999996
S00014,883.0,[0883] GRASA GLOBAL AZUL AZ 95,2026-03-09,VES,VES,70.9031,95.0,feb23,76.0,95.0,por_debajo,24.096900000000005,-25.365157894736846,5.096900000000005
S00015,880.0,[0880] CLASICO API SL SAE 15W-,2026-03-09,VES,VES,58.4685,78.0,feb23,62.0,78.0,por_debajo,19.5315,-25.040384615384614,3.531500000000001
S00017,887.0,[0887] MOTOCLASICO 4T SAE 20W-,2026-03-09,VES,VES,61.4689,82.0,feb23,66.0,82.0,por_debajo,20.531100000000002,-25.037926829268297,4.531100000000002
S00020,880.0,[0880] CLASICO API SL SAE 15W-,2026-03-09,VES,VES,58.4685,78.0,feb23,62.0,78.0,por_debajo,19.5315,-25.040384615384614,3.531500000000001
S00021,881.0,[0881] CLASICO API SL SAE 20W-,2026-03-09,VES,VES,59.2208,79.0,feb23,63.0,79.0,por_debajo,19.779200000000003,-25.036962025316463,3.779200000000003
S00026,884.0,[0884] TRANSMATIC ATF DEXRON I,2026-03-09,USD,USD,62.4801,67.0,feb23,67.0,83.0,por_debajo,4.5199,-6.746119402985075,4.5199
S00029,881.0,[0881] CLASICO API SL SAE 20W-,2026-03-09,USD,USD,68.11,63.0,feb23,63.0,79.0,por_encima,5.109999999999999,8.11111111111111,5.109999999999999
S00029,880.0,[0880] CLASICO API SL SAE 15W-,2026-03-09,USD,USD,67.25,62.0,feb23,62.0,78.0,por_encima,5.25,8.46774193548387,5.25
S00029,877.0,[0877] SS EXTRA PROTECCION API,2026-03-09,USD,USD,90.48,72.0,feb23,72.0,96.0,por_encima,18.480000000000004,25.66666666666667,5.519999999999996
S00034,107.0,[0107] TRANSMATIC ATF DEXRON I,2026-03-09,VES,VES,86.0124,114.0,feb23,91.0,114.0,por_debajo,27.9876,-24.550526315789476,4.9876000000000005
S00036,884.0,[0884] TRANSMATIC ATF DEXRON I,2026-03-09,VES,VES,62.621,83.0,feb23,67.0,83.0,por_debajo,20.378999999999998,-24.55301204819277,4.378999999999998
S00027,887.0,[0887] MOTOCLASICO 4T SAE 20W-,2026-03-09,USD,USD,70.69,66.0,feb23,66.0,82.0,por_encima,4.689999999999998,7.106060606060603,4.689999999999998
S00027,877.0,[0877] SS EXTRA PROTECCION API,2026-03-09,USD,USD,90.48,72.0,feb23,72.0,96.0,por_encima,18.480000000000004,25.66666666666667,5.519999999999996
S00027,884.0,[0884] TRANSMATIC ATF DEXRON I,2026-03-09,USD,USD,71.56,67.0,feb23,67.0,83.0,por_encima,4.560000000000002,6.805970149253734,4.560000000000002
S00030,884.0,[0884] TRANSMATIC ATF DEXRON I,2026-03-09,USD,USD,63.0424,67.0,feb23,67.0,83.0,por_debajo,3.9575999999999993,-5.90686567164179,3.9575999999999993
S00040,878.0,[0878] SS EXTRA PROTECCION API,2026-03-09,USD,USD,67.6051,72.0,feb23,72.0,90.0,por_debajo,4.394900000000007,-6.104027777777787,4.394900000000007
S00040,881.0,[0881] CLASICO API SL SAE 20W-,2026-03-09,USD,USD,59.3397,63.0,feb23,63.0,79.0,por_debajo,3.6602999999999994,-5.81,3.6602999999999994
S00040,884.0,[0884] TRANSMATIC ATF DEXRON I,2026-03-09,USD,USD,62.346,67.0,feb23,67.0,83.0,por_debajo,4.6540000000000035,-6.9462686567164225,4.6540000000000035
S00040,887.0,[0887] MOTOCLASICO 4T SAE 20W-,2026-03-09,USD,USD,61.5923,66.0,feb23,66.0,82.0,por_debajo,4.407699999999998,-6.678333333333331,4.407699999999998
S00041,882.0,[0882] GRASA MULTIPLE EP 200 (,2026-03-09,USD,USD,173.28,161.0,feb23,161.0,201.0,por_encima,12.280000000000001,7.627329192546585,12.280000000000001
S00049,878.0,[0878] SS EXTRA PROTECCION API,2026-03-10,USD,USD,66.9873,72.0,feb23,72.0,90.0,por_debajo,5.012699999999995,-6.962083333333327,5.012699999999995
S00049,884.0,[0884] TRANSMATIC ATF DEXRON I,2026-03-10,USD,USD,62.0835,67.0,feb23,67.0,83.0,por_debajo,4.916499999999999,-7.3380597014925355,4.916499999999999
S00049,887.0,[0887] MOTOCLASICO 4T SAE 20W-,2026-03-10,USD,USD,61.333,66.0,feb23,66.0,82.0,por_debajo,4.667000000000002,-7.071212121212124,4.667000000000002
S00049,881.0,[0881] CLASICO API SL SAE 20W-,2026-03-10,USD,USD,58.7941,63.0,feb23,63.0,79.0,por_debajo,4.2059,-6.676031746031745,4.2059
S00055,877.0,[0877] SS EXTRA PROTECCION API,2026-03-10,USD,USD,90.48,72.0,feb23,72.0,96.0,por_encima,18.480000000000004,25.66666666666667,5.519999999999996
S00060,887.0,[0887] MOTOCLASICO 4T SAE 20W-,2026-03-10,USD,USD,62.0679,66.0,feb23,66.0,82.0,por_debajo,3.9320999999999984,-5.95772727272727,3.9320999999999984
S00059,880.0,[0880] CLASICO API SL SAE 15W-,2026-03-10,USD,USD,58.0371,62.0,feb23,62.0,78.0,por_debajo,3.9628999999999976,-6.3917741935483825,3.9628999999999976
S00059,884.0,[0884] TRANSMATIC ATF DEXRON I,2026-03-10,USD,USD,62.8275,67.0,feb23,67.0,83.0,por_debajo,4.172499999999999,-6.227611940298507,4.172499999999999
S00059,881.0,[0881] CLASICO API SL SAE 20W-,2026-03-10,USD,USD,58.7794,63.0,feb23,63.0,79.0,por_debajo,4.2205999999999975,-6.699365079365076,4.2205999999999975
S00059,878.0,[0878] SS EXTRA PROTECCION API,2026-03-10,USD,USD,66.9705,72.0,feb23,72.0,90.0,por_debajo,5.029499999999999,-6.985416666666665,5.029499999999999
S00065,880.0,[0880] CLASICO API SL SAE 15W-,2026-03-11,VES,VES,57.4917,78.0,feb23,62.0,78.0,por_debajo,20.5083,-26.292692307692306,4.508299999999998
S00065,881.0,[0881] CLASICO API SL SAE 20W-,2026-03-11,VES,VES,58.2271,79.0,feb23,63.0,79.0,por_debajo,20.7729,-26.29481012658228,4.7729
S00065,878.0,[0878] SS EXTRA PROTECCION API,2026-03-11,VES,VES,66.3412,90.0,feb23,72.0,90.0,por_debajo,23.6588,-26.287555555555553,5.658799999999999
S00063,887.0,[0887] MOTOCLASICO 4T SAE 20W-,2026-03-11,VES,VES,62.0679,82.0,feb23,66.0,82.0,por_debajo,19.9321,-24.30743902439024,3.9320999999999984
S00054,884.0,[0884] TRANSMATIC ATF DEXRON I,2026-03-11,VES,VES,62.8275,83.0,feb23,67.0,83.0,por_debajo,20.1725,-24.30421686746988,4.172499999999999
S00054,880.0,[0880] CLASICO API SL SAE 15W-,2026-03-11,VES,VES,58.0371,78.0,feb23,62.0,78.0,por_debajo,19.962899999999998,-25.593461538461536,3.9628999999999976
S00054,887.0,[0887] MOTOCLASICO 4T SAE 20W-,2026-03-11,VES,VES,62.0679,82.0,feb23,66.0,82.0,por_debajo,19.9321,-24.30743902439024,3.9320999999999984
S00067,886.0,[0886] TRANSMATIC DEXRON VI (1,2026-03-11,VES,VES,138.36,131.0,feb23,105.0,131.0,por_encima,7.360000000000014,5.618320610687033,7.360000000000014
S00069,878.0,[0878] SS EXTRA PROTECCION API,2026-03-11,USD,USD,66.6398,72.0,feb23,72.0,90.0,por_debajo,5.360200000000006,-7.4447222222222305,5.360200000000006
S00069,884.0,[0884] TRANSMATIC ATF DEXRON I,2026-03-11,USD,USD,62.5172,67.0,feb23,67.0,83.0,por_debajo,4.4827999999999975,-6.690746268656713,4.4827999999999975
S00069,887.0,[0887] MOTOCLASICO 4T SAE 20W-,2026-03-11,USD,USD,61.7614,66.0,feb23,66.0,82.0,por_debajo,4.238599999999998,-6.422121212121209,4.238599999999998
S00069,881.0,[0881] CLASICO API SL SAE 20W-,2026-03-11,USD,USD,58.4891,63.0,feb23,63.0,79.0,por_debajo,4.5108999999999995,-7.160158730158729,4.5108999999999995
S00066,877.0,[0877] SS EXTRA PROTECCION API,2026-03-11,USD,USD,90.48,72.0,feb23,72.0,96.0,por_encima,18.480000000000004,25.66666666666667,5.519999999999996
S00062,880.0,[0880] CLASICO API SL SAE 15W-,2026-03-11,USD,USD,67.25,62.0,feb23,62.0,78.0,por_encima,5.25,8.46774193548387,5.25
S00062,878.0,[0878] SS EXTRA PROTECCION API,2026-03-11,USD,USD,77.59,72.0,feb23,72.0,90.0,por_encima,5.590000000000003,7.763888888888894,5.590000000000003
S00062,884.0,[0884] TRANSMATIC ATF DEXRON I,2026-03-11,USD,USD,71.56,67.0,feb23,67.0,83.0,por_encima,4.560000000000002,6.805970149253734,4.560000000000002
S00062,881.0,[0881] CLASICO API SL SAE 20W-,2026-03-11,USD,USD,68.11,63.0,feb23,63.0,79.0,por_encima,5.109999999999999,8.11111111111111,5.109999999999999
S00062,762.0,[0762] LIGA PARA FRENOS DOT-3 ,2026-03-11,USD,USD,42.25,39.0,feb23,39.0,49.0,por_encima,3.25,8.333333333333332,3.25
S00062,877.0,[0877] SS EXTRA PROTECCION API,2026-03-11,USD,USD,90.48,72.0,feb23,72.0,96.0,por_encima,18.480000000000004,25.66666666666667,5.519999999999996
S00062,774.0,[0774] LIGA PARA FRENOS DOT-4 ,2026-03-11,USD,USD,50.87,47.0,feb23,47.0,59.0,por_encima,3.8699999999999974,8.234042553191484,3.8699999999999974
S00062,887.0,[0887] MOTOCLASICO 4T SAE 20W-,2026-03-11,USD,USD,70.69,66.0,feb23,66.0,82.0,por_encima,4.689999999999998,7.106060606060603,4.689999999999998
S00062,888.0,[0888] ENDUROGLOB 2T AIRE (1x1,2026-03-11,USD,USD,70.69,66.0,feb23,66.0,82.0,por_encima,4.689999999999998,7.106060606060603,4.689999999999998
S00074,884.0,[0884] TRANSMATIC ATF DEXRON I,2026-03-12,VES,VES,62.5172,83.0,feb23,67.0,83.0,por_debajo,20.482799999999997,-24.678072289156624,4.4827999999999975
S00078,884.0,[0884] TRANSMATIC ATF DEXRON I,2026-03-12,VES,VES,62.8768,83.0,feb23,67.0,83.0,por_debajo,20.123199999999997,-24.24481927710843,4.123199999999997
S00083,877.0,[0877] SS EXTRA PROTECCION API,2026-03-12,VES,VES,80.4208,96.0,feb23,72.0,96.0,por_debajo,15.5792,-16.22833333333333,8.4208
S00083,881.0,[0881] CLASICO API SL SAE 20W-,2026-03-12,VES,VES,58.8256,79.0,feb23,63.0,79.0,por_debajo,20.1744,-25.537215189873415,4.174399999999999
S00083,878.0,[0878] SS EXTRA PROTECCION API,2026-03-12,VES,VES,67.0231,90.0,feb23,72.0,90.0,por_debajo,22.9769,-25.52988888888889,4.9769000000000005
S00087,877.0,[0877] SS EXTRA PROTECCION API,2026-03-12,USD,USD,80.4208,72.0,mar12,72.0,96.0,por_encima,8.4208,11.695555555555554,8.4208
S00087,878.0,[0878] SS EXTRA PROTECCION API,2026-03-12,USD,USD,67.0231,72.0,mar12,72.0,90.0,por_debajo,4.9769000000000005,-6.912361111111112,4.9769000000000005
S00087,884.0,[0884] TRANSMATIC ATF DEXRON I,2026-03-12,USD,USD,62.8768,67.0,mar12,67.0,83.0,por_debajo,4.123199999999997,-6.154029850746264,4.123199999999997
S00086,884.0,[0884] TRANSMATIC ATF DEXRON I,2026-03-12,VES,VES,62.8768,83.0,feb23,67.0,83.0,por_debajo,20.123199999999997,-24.24481927710843,4.123199999999997
S00084,880.0,[0880] CLASICO API SL SAE 15W-,2026-03-12,VES,VES,58.0827,78.0,feb23,62.0,78.0,por_debajo,19.917299999999997,-25.534999999999997,3.9172999999999973
S00090,880.0,[0880] CLASICO API SL SAE 15W-,2026-03-13,USD,USD,67.25,62.0,mar12,62.0,78.0,por_encima,5.25,8.46774193548387,5.25
S00090,877.0,[0877] SS EXTRA PROTECCION API,2026-03-13,USD,USD,90.48,72.0,mar12,72.0,96.0,por_encima,18.480000000000004,25.66666666666667,5.519999999999996
S00089,887.0,[0887] MOTOCLASICO 4T SAE 20W-,2026-03-13,USD,USD,70.69,66.0,mar12,66.0,82.0,por_encima,4.689999999999998,7.106060606060603,4.689999999999998
S00088,970.0,[0970] GRASA GLOBAL AT 250 AR-,2026-03-13,VES,VES,170.6186,224.0,feb23,179.0,224.0,por_debajo,53.38140000000001,-23.83098214285715,8.381400000000014
S00088,83.0,[0083] MAXIMO API CF SAE 50 (P,2026-03-13,VES,VES,76.3719,102.0,feb23,81.0,102.0,por_debajo,25.628100000000003,-25.12558823529412,4.628100000000003
S00092,774.0,[0774] LIGA PARA FRENOS DOT-4 ,2026-03-13,USD,USD,50.87,47.0,mar12,47.0,59.0,por_encima,3.8699999999999974,8.234042553191484,3.8699999999999974
S00093,887.0,[0887] MOTOCLASICO 4T SAE 20W-,2026-03-13,USD,USD,70.69,66.0,mar12,66.0,82.0,por_encima,4.689999999999998,7.106060606060603,4.689999999999998
S00010,970.0,[0970] GRASA GLOBAL AT 250 AR-,2026-03-16,USD,USD,195.37,179.0,mar12,179.0,224.0,por_encima,16.370000000000005,9.145251396648048,16.370000000000005
S00096,884.0,[0884] TRANSMATIC ATF DEXRON I,2026-03-16,VES,VES,72.79,83.0,feb23,67.0,83.0,por_debajo,10.209999999999994,-12.3012048192771,5.790000000000006
S00096,7.0,[0007] ELITE API SN SAE 5W-20 ,2026-03-16,VES,VES,63.36,58.0,feb23,46.0,58.0,por_encima,5.359999999999999,9.241379310344827,5.359999999999999
S00096,878.0,[0878] SS EXTRA PROTECCION API,2026-03-16,VES,VES,77.59,90.0,feb23,72.0,90.0,por_debajo,12.409999999999997,-13.788888888888884,5.590000000000003
S00096,881.0,[0881] CLASICO API SL SAE 20W-,2026-03-16,VES,VES,68.1,79.0,feb23,63.0,79.0,por_debajo,10.900000000000006,-13.797468354430386,5.099999999999994
S00097,127.0,[0127] TRANSGLOB API GL-5 SAE ,2026-03-16,VES,VES,39.46,45.0,feb23,36.0,45.0,por_debajo,5.539999999999999,-12.311111111111108,3.460000000000001
S00097,881.0,[0881] CLASICO API SL SAE 20W-,2026-03-16,VES,VES,68.1,79.0,feb23,63.0,79.0,por_debajo,10.900000000000006,-13.797468354430386,5.099999999999994
S00097,878.0,[0878] SS EXTRA PROTECCION API,2026-03-16,VES,VES,77.59,90.0,feb23,72.0,90.0,por_debajo,12.409999999999997,-13.788888888888884,5.590000000000003
S00097,880.0,[0880] CLASICO API SL SAE 15W-,2026-03-16,VES,VES,67.24,78.0,feb23,62.0,78.0,por_debajo,10.760000000000005,-13.794871794871803,5.239999999999995
S00097,884.0,[0884] TRANSMATIC ATF DEXRON I,2026-03-16,VES,VES,72.79,83.0,feb23,67.0,83.0,por_debajo,10.209999999999994,-12.3012048192771,5.790000000000006
S00097,121.0,[0121] TRANSGLOB API GL-5 SAE ,2026-03-16,VES,VES,39.46,45.0,feb23,36.0,45.0,por_debajo,5.539999999999999,-12.311111111111108,3.460000000000001
S00095,13.0,[0013] ELITE API SN SAE 5W-30 ,2026-03-16,VES,VES,63.36,58.0,feb23,46.0,58.0,por_encima,5.359999999999999,9.241379310344827,5.359999999999999
S00095,121.0,[0121] TRANSGLOB API GL-5 SAE ,2026-03-16,VES,VES,39.46,45.0,feb23,36.0,45.0,por_debajo,5.539999999999999,-12.311111111111108,3.460000000000001
S00095,880.0,[0880] CLASICO API SL SAE 15W-,2026-03-16,VES,VES,67.24,78.0,feb23,62.0,78.0,por_debajo,10.760000000000005,-13.794871794871803,5.239999999999995
S00095,19.0,[0019] ELITE API SN SAE 5W-40 ,2026-03-16,VES,VES,63.36,58.0,feb23,46.0,58.0,por_encima,5.359999999999999,9.241379310344827,5.359999999999999
S00095,795.0,[0795] REFRIGERANTE GLOBAL ORA,2026-03-16,VES,VES,37.71,43.0,feb23,34.0,43.0,por_debajo,5.289999999999999,-12.302325581395348,3.710000000000001
S00101,884.0,[0884] TRANSMATIC ATF DEXRON I,2026-03-17,USD,USD,86.64,67.0,mar12,67.0,83.0,por_encima,19.64,29.313432835820898,3.6400000000000006
S00103,884.0,[0884] TRANSMATIC ATF DEXRON I,2026-03-17,USD,USD,86.64,67.0,mar12,67.0,83.0,por_encima,19.64,29.313432835820898,3.6400000000000006
S00104,887.0,[0887] MOTOCLASICO 4T SAE 20W-,2026-03-17,USD,USD,85.35,66.0,mar12,66.0,82.0,por_encima,19.349999999999994,29.31818181818181,3.3499999999999943
S00108,775.0,[0775] LIGA PARA FRENOS DOT-4 ,2026-03-17,USD,USD,55.6,31.0,mar12,31.0,38.0,por_encima,24.6,79.35483870967742,17.6
S00108,884.0,[0884] TRANSMATIC ATF DEXRON I,2026-03-17,USD,USD,86.64,67.0,mar12,67.0,83.0,por_encima,19.64,29.313432835820898,3.6400000000000006
S00116,881.0,[0881] CLASICO API SL SAE 20W-,2026-03-18,USD,USD,49.35,63.0,mar12,63.0,79.0,por_debajo,13.649999999999999,-21.666666666666664,13.649999999999999
S00114,887.0,[0887] MOTOCLASICO 4T SAE 20W-,2026-03-18,USD,USD,85.34,66.0,mar12,66.0,82.0,por_encima,19.340000000000003,29.303030303030308,3.3400000000000034
S00119,121.0,[0121] TRANSGLOB API GL-5 SAE ,2026-03-18,USD,USD,39.46,36.0,mar12,36.0,45.0,por_encima,3.460000000000001,9.611111111111112,3.460000000000001
S00121,121.0,[0121] TRANSGLOB API GL-5 SAE ,2026-03-19,VES,VES,39.46,45.0,feb23,36.0,45.0,por_debajo,5.539999999999999,-12.311111111111108,3.460000000000001
S00124,886.0,[0886] TRANSMATIC DEXRON VI (1,2026-03-19,USD,USD,138.36,105.0,mar12,105.0,131.0,por_encima,33.360000000000014,31.771428571428583,7.360000000000014
S00124,13.0,[0013] ELITE API SN SAE 5W-30 ,2026-03-19,USD,USD,63.36,46.0,mar12,46.0,58.0,por_encima,17.36,37.73913043478261,5.359999999999999
S00128,887.0,[0887] MOTOCLASICO 4T SAE 20W-,2026-03-19,MIXTO,USD(mixto->Binance),85.34,66.0,mar12,66.0,82.0,por_encima,19.340000000000003,29.303030303030308,3.3400000000000034
S00125,887.0,[0887] MOTOCLASICO 4T SAE 20W-,2026-03-19,USD,USD,85.34,66.0,mar12,66.0,82.0,por_encima,19.340000000000003,29.303030303030308,3.3400000000000034
S00125,888.0,[0888] ENDUROGLOB 2T AIRE (1x1,2026-03-19,USD,USD,86.64,66.0,mar12,66.0,82.0,por_encima,20.64,31.272727272727273,4.640000000000001
S00130,878.0,[0878] SS EXTRA PROTECCION API,2026-03-20,USD,USD,93.1,72.0,mar12,72.0,90.0,por_encima,21.099999999999994,29.305555555555546,3.0999999999999943
S00130,884.0,[0884] TRANSMATIC ATF DEXRON I,2026-03-20,USD,USD,86.64,67.0,mar12,67.0,83.0,por_encima,19.64,29.313432835820898,3.6400000000000006
S00130,887.0,[0887] MOTOCLASICO 4T SAE 20W-,2026-03-20,USD,USD,85.34,66.0,mar12,66.0,82.0,por_encima,19.340000000000003,29.303030303030308,3.3400000000000034
S00139,83.0,[0083] MAXIMO API CF SAE 50 (P,2026-03-23,USD,USD,69.828,81.0,mar12,81.0,102.0,por_debajo,11.171999999999997,-13.79259259259259,11.171999999999997
S00133,878.0,[0878] SS EXTRA PROTECCION API,2026-03-24,USD,USD,93.1,72.0,mar12,72.0,90.0,por_encima,21.099999999999994,29.305555555555546,3.0999999999999943
S00133,144.0,[0144] HIDRAGLOB AW/ISO 68 (PA,2026-03-24,USD,USD,94.4,73.0,mar12,73.0,91.0,por_encima,21.400000000000006,29.315068493150694,3.4000000000000057
S00141,884.0,[0884] TRANSMATIC ATF DEXRON I,2026-03-24,USD,USD,86.64,67.0,mar12,67.0,83.0,por_encima,19.64,29.313432835820898,3.6400000000000006
S00143,887.0,[0887] MOTOCLASICO 4T SAE 20W-,2026-03-24,USD,USD,85.34,66.0,mar12,66.0,82.0,por_encima,19.340000000000003,29.303030303030308,3.3400000000000034
S00142,884.0,[0884] TRANSMATIC ATF DEXRON I,2026-03-24,USD,USD,86.64,67.0,mar12,67.0,83.0,por_encima,19.64,29.313432835820898,3.6400000000000006
S00142,121.0,[0121] TRANSGLOB API GL-5 SAE ,2026-03-24,USD,USD,39.46,36.0,mar12,36.0,45.0,por_encima,3.460000000000001,9.611111111111112,3.460000000000001
S00148,127.0,[0127] TRANSGLOB API GL-5 SAE ,2026-03-25,USD,USD,31.1,36.0,mar12,36.0,45.0,por_debajo,4.899999999999999,-13.611111111111107,4.899999999999999
S00150,887.0,[0887] MOTOCLASICO 4T SAE 20W-,2026-03-25,USD,USD,85.34,66.0,mar12,66.0,82.0,por_encima,19.340000000000003,29.303030303030308,3.3400000000000034
S00157,879.0,[0879] CARIBE FUERA DE BORDA T,2026-03-26,USD,USD,84.05,65.0,mar12,65.0,81.0,por_encima,19.049999999999997,29.3076923076923,3.049999999999997
S00158,884.0,[0884] TRANSMATIC ATF DEXRON I,2026-03-26,USD,USD,86.64,67.0,mar12,67.0,83.0,por_encima,19.64,29.313432835820898,3.6400000000000006
S00158,878.0,[0878] SS EXTRA PROTECCION API,2026-03-26,USD,USD,93.1,72.0,mar12,72.0,90.0,por_encima,21.099999999999994,29.305555555555546,3.0999999999999943
S00159,878.0,[0878] SS EXTRA PROTECCION API,2026-03-26,USD,USD,93.1,72.0,mar12,72.0,90.0,por_encima,21.099999999999994,29.305555555555546,3.0999999999999943
S00159,775.0,[0775] LIGA PARA FRENOS DOT-4 ,2026-03-26,USD,USD,55.6,31.0,mar12,31.0,38.0,por_encima,24.6,79.35483870967742,17.6
S00163,877.0,[0877] SS EXTRA PROTECCION API,2026-03-27,USD,USD,92.7198,72.0,mar12,72.0,96.0,por_encima,20.719800000000006,28.77750000000001,3.2801999999999936
S00164,121.0,[0121] TRANSGLOB API GL-5 SAE ,2026-03-27,USD,USD,39.46,36.0,mar12,36.0,45.0,por_encima,3.460000000000001,9.611111111111112,3.460000000000001
S00164,878.0,[0878] SS EXTRA PROTECCION API,2026-03-27,USD,USD,93.1,72.0,mar12,72.0,90.0,por_encima,21.099999999999994,29.305555555555546,3.0999999999999943
S00165,561.0,[0561] MEJORADOR DE OCTANAJE G,2026-03-27,VES,VES,47.84,43.0,feb23,34.0,43.0,por_encima,4.840000000000003,11.255813953488381,4.840000000000003
S00167,775.0,[0775] LIGA PARA FRENOS DOT-4 ,2026-03-27,VES,VES,55.6,38.0,feb23,31.0,38.0,por_encima,17.6,46.31578947368421,17.6
S00168,884.0,[0884] TRANSMATIC ATF DEXRON I,2026-03-27,USD,USD,86.64,67.0,mar12,67.0,83.0,por_encima,19.64,29.313432835820898,3.6400000000000006
S00170,884.0,[0884] TRANSMATIC ATF DEXRON I,2026-03-30,USD,USD,86.64,67.0,mar12,67.0,83.0,por_encima,19.64,29.313432835820898,3.6400000000000006
S00174,13.0,[0013] ELITE API SN SAE 5W-30 ,2026-03-31,VES,VES,63.36,58.0,feb23,46.0,58.0,por_encima,5.359999999999999,9.241379310344827,5.359999999999999
S00177,887.0,[0887] MOTOCLASICO 4T SAE 20W-,2026-03-31,USD,USD,85.34,66.0,mar12,66.0,82.0,por_encima,19.340000000000003,29.303030303030308,3.3400000000000034
S00176,887.0,[0887] MOTOCLASICO 4T SAE 20W-,2026-03-31,USD,USD,85.34,66.0,mar12,66.0,82.0,por_encima,19.340000000000003,29.303030303030308,3.3400000000000034
S00184,1.0,[0001] ELITE API SP SAE 0W-20 ,2026-04-06,USD,USD,74.2706,49.0,mar12,49.0,61.0,por_encima,25.2706,51.57265306122449,13.270600000000002
S00184,878.0,[0878] SS EXTRA PROTECCION API,2026-04-06,USD,USD,93.0721,72.0,mar12,72.0,90.0,por_encima,21.072100000000006,29.266805555555564,3.072100000000006
S00183,139.0,[0139] HIDRAGLOB AW/ISO 46 (PA,2026-04-06,VES,VES,145.0,103.0,feb23,83.0,103.0,por_encima,42.0,40.77669902912621,42.0
S00186,13.0,[0013] ELITE API SN SAE 5W-30 ,2026-04-06,USD,USD,73.0,46.0,mar12,46.0,58.0,por_encima,27.0,58.69565217391305,15.0
S00185,93.0,[0093] ALTA CILINDRADA SS API ,2026-04-07,VES,VES,46.0,42.0,feb23,34.0,42.0,por_encima,4.0,9.523809523809524,4.0
S00185,887.0,[0887] MOTOCLASICO 4T SAE 20W-,2026-04-07,VES,VES,90.0,82.0,feb23,66.0,82.0,por_encima,8.0,9.75609756097561,8.0
S00187,121.0,[0121] TRANSGLOB API GL-5 SAE ,2026-04-07,USD,USD,52.0,36.0,mar12,36.0,45.0,por_encima,16.0,44.44444444444444,7.0
S00188,121.0,[0121] TRANSGLOB API GL-5 SAE ,2026-04-07,USD,USD,30.93,36.0,mar12,36.0,45.0,por_debajo,5.07,-14.083333333333334,5.07
S00189,877.0,[0877] SS EXTRA PROTECCION API,2026-04-08,USD,USD,64.66,72.0,mar12,72.0,96.0,por_debajo,7.340000000000003,-10.194444444444448,7.340000000000003
S00189,881.0,[0881] CLASICO API SL SAE 20W-,2026-04-08,USD,USD,56.04,63.0,mar12,63.0,79.0,por_debajo,6.960000000000001,-11.04761904761905,6.960000000000001
S00190,73.0,[0073] SUPREMO API CI-4 SAE 15,2026-04-09,USD,USD,127.7445,91.0,mar12,91.0,114.0,por_encima,36.7445,40.37857142857143,13.744500000000002
S00195,883.0,[0883] GRASA GLOBAL AZUL AZ 95,2026-04-09,USD,USD,116.0,76.0,mar12,76.0,95.0,por_encima,40.0,52.63157894736842,21.0
S00195,83.0,[0083] MAXIMO API CF SAE 50 (P,2026-04-09,USD,USD,113.0,81.0,mar12,81.0,102.0,por_encima,32.0,39.50617283950617,11.0
S00196,93.0,[0093] ALTA CILINDRADA SS API ,2026-04-09,VES,VES,46.0,42.0,feb23,34.0,42.0,por_encima,4.0,9.523809523809524,4.0
S00197,121.0,[0121] TRANSGLOB API GL-5 SAE ,2026-04-09,USD,USD,51.73,36.0,mar12,36.0,45.0,por_encima,15.729999999999997,43.694444444444436,6.729999999999997
S00197,877.0,[0877] SS EXTRA PROTECCION API,2026-04-09,USD,USD,100.0,72.0,mar12,72.0,96.0,por_encima,28.0,38.88888888888889,4.0
S00198,880.0,[0880] CLASICO API SL SAE 15W-,2026-04-10,USD,USD,85.0,62.0,mar12,62.0,78.0,por_encima,23.0,37.096774193548384,7.0
S00198,881.0,[0881] CLASICO API SL SAE 20W-,2026-04-10,USD,USD,87.0,63.0,mar12,63.0,79.0,por_encima,24.0,38.095238095238095,8.0
S00198,877.0,[0877] SS EXTRA PROTECCION API,2026-04-10,USD,USD,100.0,72.0,mar12,72.0,96.0,por_encima,28.0,38.88888888888889,4.0
S00201,93.0,[0093] ALTA CILINDRADA SS API ,2026-04-10,USD,USD,46.0,34.0,mar12,34.0,42.0,por_encima,12.0,35.294117647058826,4.0
S00201,887.0,[0887] MOTOCLASICO 4T SAE 20W-,2026-04-10,USD,USD,90.0,66.0,mar12,66.0,82.0,por_encima,24.0,36.36363636363637,8.0
S00199,87.0,[0087] ENDUROGLOB 2T AIRE (1x6,2026-04-10,VES,VES,50.0,41.0,feb23,33.0,41.0,por_encima,9.0,21.951219512195124,9.0
S00202,886.0,[0886] TRANSMATIC DEXRON VI (1,2026-04-10,USD,USD,157.76,105.0,mar12,105.0,131.0,por_encima,52.75999999999999,50.24761904761904,26.75999999999999
S00206,536.0,[0536] MAXIMO API CF SAE 20W-5,2026-04-11,USD,USD,156.0,104.0,mar12,104.0,129.0,por_encima,52.0,50.0,27.0
S00205,887.0,[0887] MOTOCLASICO 4T SAE 20W-,2026-04-13,USD,USD,90.0,66.0,mar12,66.0,82.0,por_encima,24.0,36.36363636363637,8.0
S00205,877.0,[0877] SS EXTRA PROTECCION API,2026-04-13,USD,USD,100.0,72.0,mar12,72.0,96.0,por_encima,28.0,38.88888888888889,4.0
S00204,877.0,[0877] SS EXTRA PROTECCION API,2026-04-13,USD,USD,100.0,72.0,mar12,72.0,96.0,por_encima,28.0,38.88888888888889,4.0
S00204,93.0,[0093] ALTA CILINDRADA SS API ,2026-04-13,USD,USD,46.0,34.0,mar12,34.0,42.0,por_encima,12.0,35.294117647058826,4.0
S00204,884.0,[0884] TRANSMATIC ATF DEXRON I,2026-04-13,USD,USD,96.0,67.0,mar12,67.0,83.0,por_encima,29.0,43.28358208955223,13.0
S00203,887.0,[0887] MOTOCLASICO 4T SAE 20W-,2026-04-13,USD,USD,90.0,66.0,mar12,66.0,82.0,por_encima,24.0,36.36363636363637,8.0
S00209,880.0,[0880] CLASICO API SL SAE 15W-,2026-04-13,USD,USD,85.0,62.0,mar12,62.0,78.0,por_encima,23.0,37.096774193548384,7.0
S00208,884.0,[0884] TRANSMATIC ATF DEXRON I,2026-04-13,USD,USD,95.8562,67.0,mar12,67.0,83.0,por_encima,28.8562,43.0689552238806,12.856200000000001
S00208,877.0,[0877] SS EXTRA PROTECCION API,2026-04-13,USD,USD,99.8502,72.0,mar12,72.0,96.0,por_encima,27.8502,38.68083333333334,3.850200000000001
S00210,886.0,[0886] TRANSMATIC DEXRON VI (1,2026-04-13,USD,USD,158.0,105.0,mar12,105.0,131.0,por_encima,53.0,50.476190476190474,27.0
S00212,878.0,[0878] SS EXTRA PROTECCION API,2026-04-13,VES,VES,100.0,90.0,feb23,72.0,90.0,por_encima,10.0,11.11111111111111,10.0
S00212,25.0,[0025] SS EXTRA PROTECCION API,2026-04-13,VES,VES,50.0,45.0,feb23,36.0,45.0,por_encima,5.0,11.11111111111111,5.0
S00207,877.0,[0877] SS EXTRA PROTECCION API,2026-04-13,USD,USD,100.0,72.0,mar12,72.0,96.0,por_encima,28.0,38.88888888888889,4.0
S00207,938.0,[0938] CLASICO API SL SAE 20W-,2026-04-13,USD,USD,93.0,62.0,mar12,62.0,77.0,por_encima,31.0,50.0,16.0
S00207,881.0,[0881] CLASICO API SL SAE 20W-,2026-04-13,USD,USD,87.0,63.0,mar12,63.0,79.0,por_encima,24.0,38.095238095238095,8.0
S00207,884.0,[0884] TRANSMATIC ATF DEXRON I,2026-04-13,USD,USD,96.0,67.0,mar12,67.0,83.0,por_encima,29.0,43.28358208955223,13.0
S00213,561.0,[0561] MEJORADOR DE OCTANAJE G,2026-04-13,USD,USD,51.0,34.0,mar12,34.0,43.0,por_encima,17.0,50.0,8.0
S00213,887.0,[0887] MOTOCLASICO 4T SAE 20W-,2026-04-13,USD,USD,90.0,66.0,mar12,66.0,82.0,por_encima,24.0,36.36363636363637,8.0
S00218,881.0,[0881] CLASICO API SL SAE 20W-,2026-04-14,USD,USD,87.0,63.0,mar12,63.0,79.0,por_encima,24.0,38.095238095238095,8.0
S00218,877.0,[0877] SS EXTRA PROTECCION API,2026-04-14,USD,USD,100.0,72.0,mar12,72.0,96.0,por_encima,28.0,38.88888888888889,4.0
S00218,884.0,[0884] TRANSMATIC ATF DEXRON I,2026-04-14,USD,USD,96.0,67.0,mar12,67.0,83.0,por_encima,29.0,43.28358208955223,13.0
S00218,878.0,[0878] SS EXTRA PROTECCION API,2026-04-14,USD,USD,100.0,72.0,mar12,72.0,90.0,por_encima,28.0,38.88888888888889,10.0
S00219,877.0,[0877] SS EXTRA PROTECCION API,2026-04-14,USD,USD,100.0,72.0,mar12,72.0,96.0,por_encima,28.0,38.88888888888889,4.0
S00219,884.0,[0884] TRANSMATIC ATF DEXRON I,2026-04-14,USD,USD,95.69,67.0,mar12,67.0,83.0,por_encima,28.689999999999998,42.82089552238806,12.689999999999998
S00222,884.0,[0884] TRANSMATIC ATF DEXRON I,2026-04-15,USD,USD,96.0,67.0,mar12,67.0,83.0,por_encima,29.0,43.28358208955223,13.0
S00221,93.0,[0093] ALTA CILINDRADA SS API ,2026-04-15,USD,USD,45.9082,34.0,mar12,34.0,42.0,por_encima,11.9082,35.02411764705883,3.908200000000001
S00221,87.0,[0087] ENDUROGLOB 2T AIRE (1x6,2026-04-15,USD,USD,49.9002,33.0,mar12,33.0,41.0,por_encima,16.900199999999998,51.212727272727264,8.900199999999998
S00221,887.0,[0887] MOTOCLASICO 4T SAE 20W-,2026-04-15,USD,USD,89.8204,66.0,mar12,66.0,82.0,por_encima,23.820400000000006,36.09151515151516,7.8204000000000065
S00220,884.0,[0884] TRANSMATIC ATF DEXRON I,2026-04-15,USD,USD,62.0,67.0,mar12,67.0,83.0,por_debajo,5.0,-7.462686567164178,5.0
S00225,75.0,[0075] SUPREMO API CI-4 SAE 15,2026-04-15,VES,VES,1271.0,1167.0,feb23,933.0,1167.0,por_encima,104.0,8.911739502999144,104.0
S00225,85.0,[0085] MAXIMO API CF SAE 50 (T,2026-04-15,VES,VES,1136.0,1030.0,feb23,824.0,1030.0,por_encima,106.0,10.29126213592233,106.0
S00226,884.0,[0884] TRANSMATIC ATF DEXRON I,2026-04-16,USD,USD,95.7606,67.0,mar12,67.0,83.0,por_encima,28.760599999999997,42.92626865671642,12.760599999999997
S00226,775.0,[0775] LIGA PARA FRENOS DOT-4 ,2026-04-16,USD,USD,41.8953,31.0,mar12,31.0,38.0,por_encima,10.895299999999999,35.14612903225806,3.895299999999999
S00226,774.0,[0774] LIGA PARA FRENOS DOT-4 ,2026-04-16,USD,USD,63.8404,47.0,mar12,47.0,59.0,por_encima,16.840400000000002,35.83063829787235,4.8404000000000025
S00226,121.0,[0121] TRANSGLOB API GL-5 SAE ,2026-04-16,USD,USD,51.8703,36.0,mar12,36.0,45.0,por_encima,15.8703,44.08416666666667,6.8703
S00227,888.0,[0888] ENDUROGLOB 2T AIRE (1x1,2026-04-16,VES,VES,100.0,82.0,feb23,66.0,82.0,por_encima,18.0,21.951219512195124,18.0
S00227,878.0,[0878] SS EXTRA PROTECCION API,2026-04-16,VES,VES,100.0,90.0,feb23,72.0,90.0,por_encima,10.0,11.11111111111111,10.0
S00227,884.0,[0884] TRANSMATIC ATF DEXRON I,2026-04-16,VES,VES,96.0,83.0,feb23,67.0,83.0,por_encima,13.0,15.66265060240964,13.0
S00227,25.0,[0025] SS EXTRA PROTECCION API,2026-04-16,VES,VES,50.0,45.0,feb23,36.0,45.0,por_encima,5.0,11.11111111111111,5.0
S00227,881.0,[0881] CLASICO API SL SAE 20W-,2026-04-16,VES,VES,87.0,79.0,feb23,63.0,79.0,por_encima,8.0,10.126582278481013,8.0
S00228,880.0,[0880] CLASICO API SL SAE 15W-,2026-04-16,VES,VES,85.0,78.0,feb23,62.0,78.0,por_encima,7.0,8.974358974358974,7.0
S00229,144.0,[0144] HIDRAGLOB AW/ISO 68 (PA,2026-04-16,USD,USD,58.28,73.0,mar12,73.0,91.0,por_debajo,14.719999999999999,-20.164383561643834,14.719999999999999
S00229,73.0,[0073] SUPREMO API CI-4 SAE 15,2026-04-16,USD,USD,79.36,91.0,mar12,91.0,114.0,por_debajo,11.64,-12.791208791208792,11.64
S00229,877.0,[0877] SS EXTRA PROTECCION API,2026-04-16,USD,USD,61.93,72.0,mar12,72.0,96.0,por_debajo,10.07,-13.98611111111111,10.07
S00230,878.0,[0878] SS EXTRA PROTECCION API,2026-04-16,VES,VES,100.0,90.0,feb23,72.0,90.0,por_encima,10.0,11.11111111111111,10.0
S00230,880.0,[0880] CLASICO API SL SAE 15W-,2026-04-16,VES,VES,85.0,78.0,feb23,62.0,78.0,por_encima,7.0,8.974358974358974,7.0
S00233,121.0,[0121] TRANSGLOB API GL-5 SAE ,2026-04-16,VES,VES,52.0,45.0,feb23,36.0,45.0,por_encima,7.0,15.555555555555555,7.0
S00233,887.0,[0887] MOTOCLASICO 4T SAE 20W-,2026-04-16,VES,VES,90.0,82.0,feb23,66.0,82.0,por_encima,8.0,9.75609756097561,8.0
S00237,73.0,[0073] SUPREMO API CI-4 SAE 15,2026-04-17,VES,VES,128.0,114.0,feb23,91.0,114.0,por_encima,14.0,12.280701754385964,14.0
S00238,877.0,[0877] SS EXTRA PROTECCION API,2026-04-17,USD,USD,100.0,72.0,mar12,72.0,96.0,por_encima,28.0,38.88888888888889,4.0
S00239,881.0,[0881] CLASICO API SL SAE 20W-,2026-04-17,USD,USD,56.03,63.0,mar12,63.0,79.0,por_debajo,6.969999999999999,-11.063492063492061,6.969999999999999
S00240,25.0,[0025] SS EXTRA PROTECCION API,2026-04-20,USD,USD,50.0,36.0,mar12,36.0,45.0,por_encima,14.0,38.88888888888889,5.0
S00241,774.0,[0774] LIGA PARA FRENOS DOT-4 ,2026-04-20,USD,USD,64.66,47.0,mar12,47.0,59.0,por_encima,17.659999999999997,37.574468085106375,5.659999999999997
S00243,121.0,[0121] TRANSGLOB API GL-5 SAE ,2026-04-20,VES,VES,52.0,45.0,feb23,36.0,45.0,por_encima,7.0,15.555555555555555,7.0
S00243,880.0,[0880] CLASICO API SL SAE 15W-,2026-04-20,VES,VES,85.0,78.0,feb23,62.0,78.0,por_encima,7.0,8.974358974358974,7.0
S00245,884.0,[0884] TRANSMATIC ATF DEXRON I,2026-04-21,USD,USD,96.0,67.0,mar12,67.0,83.0,por_encima,29.0,43.28358208955223,13.0
S00248,887.0,[0887] MOTOCLASICO 4T SAE 20W-,2026-04-21,USD,USD,90.0,66.0,mar12,66.0,82.0,por_encima,24.0,36.36363636363637,8.0
S00249,877.0,[0877] SS EXTRA PROTECCION API,2026-04-21,USD,USD,100.0,72.0,mar12,72.0,96.0,por_encima,28.0,38.88888888888889,4.0
S00250,887.0,[0887] MOTOCLASICO 4T SAE 20W-,2026-04-22,USD,USD,90.0,66.0,mar12,66.0,82.0,por_encima,24.0,36.36363636363637,8.0
S00259,762.0,[0762] LIGA PARA FRENOS DOT-3 ,2026-04-22,USD,USD,56.0,39.0,mar12,39.0,49.0,por_encima,17.0,43.58974358974359,7.0
S00259,121.0,[0121] TRANSGLOB API GL-5 SAE ,2026-04-22,USD,USD,52.0,36.0,mar12,36.0,45.0,por_encima,16.0,44.44444444444444,7.0
S00258,561.0,[0561] MEJORADOR DE OCTANAJE G,2026-04-22,VES,VES,51.0,43.0,feb23,34.0,43.0,por_encima,8.0,18.6046511627907,8.0
S00258,887.0,[0887] MOTOCLASICO 4T SAE 20W-,2026-04-22,VES,VES,90.0,82.0,feb23,66.0,82.0,por_encima,8.0,9.75609756097561,8.0
S00257,877.0,[0877] SS EXTRA PROTECCION API,2026-04-22,USD,USD,100.0,72.0,mar12,72.0,96.0,por_encima,28.0,38.88888888888889,4.0
S00257,881.0,[0881] CLASICO API SL SAE 20W-,2026-04-22,USD,USD,87.0,63.0,mar12,63.0,79.0,por_encima,24.0,38.095238095238095,8.0
S00257,880.0,[0880] CLASICO API SL SAE 15W-,2026-04-22,USD,USD,85.0,62.0,mar12,62.0,78.0,por_encima,23.0,37.096774193548384,7.0
S00261,878.0,[0878] SS EXTRA PROTECCION API,2026-04-23,USD,USD,99.8801,72.0,mar12,72.0,90.0,por_encima,27.8801,38.722361111111105,9.880099999999999
S00261,877.0,[0877] SS EXTRA PROTECCION API,2026-04-23,USD,USD,99.8801,72.0,mar12,72.0,96.0,por_encima,27.8801,38.722361111111105,3.8800999999999988
S00264,884.0,[0884] TRANSMATIC ATF DEXRON I,2026-04-23,MIXTO,USD(mixto->Binance),96.0,67.0,mar12,67.0,83.0,por_encima,29.0,43.28358208955223,13.0
S00263,878.0,[0878] SS EXTRA PROTECCION API,2026-04-23,USD,USD,100.0,72.0,mar12,72.0,90.0,por_encima,28.0,38.88888888888889,10.0
S00263,761.0,[0761] LIGA PARA FRENOS DOT-3 ,2026-04-23,USD,USD,36.21,26.0,mar12,26.0,33.0,por_encima,10.21,39.269230769230774,3.210000000000001
S00263,881.0,[0881] CLASICO API SL SAE 20W-,2026-04-23,USD,USD,86.21,63.0,mar12,63.0,79.0,por_encima,23.209999999999994,36.84126984126983,7.209999999999994
S00263,121.0,[0121] TRANSGLOB API GL-5 SAE ,2026-04-23,USD,USD,51.63,36.0,mar12,36.0,45.0,por_encima,15.630000000000003,43.41666666666668,6.630000000000003
S00263,877.0,[0877] SS EXTRA PROTECCION API,2026-04-23,USD,USD,100.0,72.0,mar12,72.0,96.0,por_encima,28.0,38.88888888888889,4.0
S00265,884.0,[0884] TRANSMATIC ATF DEXRON I,2026-04-23,USD,USD,96.0,67.0,mar12,67.0,83.0,por_encima,29.0,43.28358208955223,13.0
S00265,881.0,[0881] CLASICO API SL SAE 20W-,2026-04-23,USD,USD,87.0,63.0,mar12,63.0,79.0,por_encima,24.0,38.095238095238095,8.0
S00265,121.0,[0121] TRANSGLOB API GL-5 SAE ,2026-04-23,USD,USD,52.0,36.0,mar12,36.0,45.0,por_encima,16.0,44.44444444444444,7.0
S00279,884.0,[0884] TRANSMATIC ATF DEXRON I,2026-04-23,USD,USD,96.0,67.0,mar12,67.0,83.0,por_encima,29.0,43.28358208955223,13.0
S00280,561.0,[0561] MEJORADOR DE OCTANAJE G,2026-04-23,VES,VES,51.0,43.0,feb23,34.0,43.0,por_encima,8.0,18.6046511627907,8.0
S00283,93.0,[0093] ALTA CILINDRADA SS API ,2026-04-23,VES,VES,46.0,42.0,feb23,34.0,42.0,por_encima,4.0,9.523809523809524,4.0
S00246,85.0,[0085] MAXIMO API CF SAE 50 (T,2026-04-24,USD,USD,1136.0,824.0,mar12,824.0,1030.0,por_encima,312.0,37.86407766990291,106.0
S00246,794.0,[0794] REFRIGERANTE GLOBAL ROJ,2026-04-24,USD,USD,580.0,426.0,mar12,426.0,532.0,por_encima,154.0,36.15023474178404,48.0
S00284,561.0,[0561] MEJORADOR DE OCTANAJE G,2026-04-24,VES,VES,51.0,43.0,feb23,34.0,43.0,por_encima,8.0,18.6046511627907,8.0
S00286,121.0,[0121] TRANSGLOB API GL-5 SAE ,2026-04-24,USD,USD,52.0,36.0,mar12,36.0,45.0,por_encima,16.0,44.44444444444444,7.0
S00285,774.0,[0774] LIGA PARA FRENOS DOT-4 ,2026-04-24,USD,USD,64.0,47.0,mar12,47.0,59.0,por_encima,17.0,36.17021276595745,5.0
S00289,83.0,[0083] MAXIMO API CF SAE 50 (P,2026-04-24,USD,USD,113.0,81.0,mar12,81.0,102.0,por_encima,32.0,39.50617283950617,11.0
S00292,762.0,[0762] LIGA PARA FRENOS DOT-3 ,2026-04-24,USD,USD,56.0,39.0,mar12,39.0,49.0,por_encima,17.0,43.58974358974359,7.0
S00295,774.0,[0774] LIGA PARA FRENOS DOT-4 ,2026-04-27,USD,USD,64.0,47.0,mar12,47.0,59.0,por_encima,17.0,36.17021276595745,5.0
S00294,107.0,[0107] TRANSMATIC ATF DEXRON I,2026-04-27,VES,VES,125.7736,114.0,feb23,91.0,114.0,por_encima,11.773600000000002,10.327719298245617,11.773600000000002
S00294,85.0,[0085] MAXIMO API CF SAE 50 (T,2026-04-27,VES,VES,1133.959,1030.0,feb23,824.0,1030.0,por_encima,103.95900000000006,10.09310679611651,103.95900000000006
S00294,146.0,[0146] HIDRAGLOB AW/ISO 68 (Ta,2026-04-27,VES,VES,1101.0183,998.0,feb23,799.0,998.0,por_encima,103.01829999999995,10.322474949899794,103.01829999999995
S00294,129.0,[0129] TRANSGLOB API GL-5 SAE ,2026-04-27,VES,VES,123.7772,113.0,feb23,90.0,113.0,por_encima,10.777199999999993,9.537345132743356,10.777199999999993
S00294,123.0,[0123] TRANSGLOB API GL-5 SAE ,2026-04-27,VES,VES,123.7772,112.0,feb23,89.0,112.0,por_encima,11.777199999999993,10.515357142857138,11.777199999999993
S00298,121.0,[0121] TRANSGLOB API GL-5 SAE ,2026-04-27,USD,USD,51.72,36.0,mar12,36.0,45.0,por_encima,15.719999999999999,43.666666666666664,6.719999999999999
S00298,127.0,[0127] TRANSGLOB API GL-5 SAE ,2026-04-27,USD,USD,53.05,36.0,mar12,36.0,45.0,por_encima,17.049999999999997,47.36111111111111,8.049999999999997
S00301,789.0,[0789] REFRIGERANTE GLOBAL VER,2026-04-28,USD,USD,34.48,24.0,mar12,24.0,29.0,por_encima,10.479999999999997,43.66666666666666,5.479999999999997
S00301,792.0,[0792] REFRIGERANTE GLOBAL ROJ,2026-04-28,USD,USD,34.48,24.0,mar12,24.0,29.0,por_encima,10.479999999999997,43.66666666666666,5.479999999999997
S00262,146.0,[0146] HIDRAGLOB AW/ISO 68 (Ta,2026-04-28,VES,VES,1101.678,998.0,feb23,799.0,998.0,por_encima,103.67800000000011,10.388577154308628,103.67800000000011
S00262,85.0,[0085] MAXIMO API CF SAE 50 (T,2026-04-28,VES,VES,1136.0,1030.0,feb23,824.0,1030.0,por_encima,106.0,10.29126213592233,106.0
S00302,887.0,[0887] MOTOCLASICO 4T SAE 20W-,2026-04-29,USD,USD,90.0,66.0,mar12,66.0,82.0,por_encima,24.0,36.36363636363637,8.0
S00310,881.0,[0881] CLASICO API SL SAE 20W-,2026-04-30,USD,USD,87.0,63.0,mar12,63.0,79.0,por_encima,24.0,38.095238095238095,8.0
S00311,887.0,[0887] MOTOCLASICO 4T SAE 20W-,2026-04-30,USD,USD,90.0,66.0,mar12,66.0,82.0,por_encima,24.0,36.36363636363637,8.0
S00313,881.0,[0881] CLASICO API SL SAE 20W-,2026-04-30,MIXTO,USD(mixto->Binance),87.0,63.0,mar12,63.0,79.0,por_encima,24.0,38.095238095238095,8.0
S00314,774.0,[0774] LIGA PARA FRENOS DOT-4 ,2026-05-04,USD,USD,63.6816,47.0,mar12,47.0,59.0,por_encima,16.681600000000003,35.492765957446814,4.681600000000003
S00317,881.0,[0881] CLASICO API SL SAE 20W-,2026-05-04,USD,USD,87.0,63.0,mar12,63.0,79.0,por_encima,24.0,38.095238095238095,8.0
S00317,561.0,[0561] MEJORADOR DE OCTANAJE G,2026-05-04,USD,USD,51.0,34.0,mar12,34.0,43.0,por_encima,17.0,50.0,8.0
S00317,878.0,[0878] SS EXTRA PROTECCION API,2026-05-04,USD,USD,100.0,72.0,mar12,72.0,90.0,por_encima,28.0,38.88888888888889,10.0
S00322,880.0,[0880] CLASICO API SL SAE 15W-,2026-05-04,VES,VES,85.0,78.0,feb23,62.0,78.0,por_encima,7.0,8.974358974358974,7.0
S00324,795.0,[0795] REFRIGERANTE GLOBAL ORA,2026-05-05,USD,USD,51.9481,34.0,mar12,34.0,43.0,por_encima,17.948099999999997,52.78852941176469,8.948099999999997
S00326,774.0,[0774] LIGA PARA FRENOS DOT-4 ,2026-05-05,USD,USD,64.0,47.0,mar12,47.0,59.0,por_encima,17.0,36.17021276595745,5.0
S00327,25.0,[0025] SS EXTRA PROTECCION API,2026-05-05,USD,USD,50.0,36.0,mar12,36.0,45.0,por_encima,14.0,38.88888888888889,5.0
S00327,884.0,[0884] TRANSMATIC ATF DEXRON I,2026-05-05,USD,USD,96.0,67.0,mar12,67.0,83.0,por_encima,29.0,43.28358208955223,13.0
S00327,881.0,[0881] CLASICO API SL SAE 20W-,2026-05-05,USD,USD,87.0,63.0,mar12,63.0,79.0,por_encima,24.0,38.095238095238095,8.0
S00327,789.0,[0789] REFRIGERANTE GLOBAL VER,2026-05-05,USD,USD,34.0,24.0,mar12,24.0,29.0,por_encima,10.0,41.66666666666667,5.0
S00332,121.0,[0121] TRANSGLOB API GL-5 SAE ,2026-05-06,USD,USD,52.0,36.0,mar12,36.0,45.0,por_encima,16.0,44.44444444444444,7.0
S00332,877.0,[0877] SS EXTRA PROTECCION API,2026-05-06,USD,USD,100.0,72.0,mar12,72.0,96.0,por_encima,28.0,38.88888888888889,4.0
S00331,762.0,[0762] LIGA PARA FRENOS DOT-3 ,2026-05-06,USD,USD,56.0,39.0,mar12,39.0,49.0,por_encima,17.0,43.58974358974359,7.0
S00330,762.0,[0762] LIGA PARA FRENOS DOT-3 ,2026-05-06,VES,VES,56.0,49.0,feb23,39.0,49.0,por_encima,7.0,14.285714285714285,7.0
S00334,877.0,[0877] SS EXTRA PROTECCION API,2026-05-06,USD,USD,100.0,72.0,mar12,72.0,96.0,por_encima,28.0,38.88888888888889,4.0
S00334,886.0,[0886] TRANSMATIC DEXRON VI (1,2026-05-06,USD,USD,158.0,105.0,mar12,105.0,131.0,por_encima,53.0,50.476190476190474,27.0
S00335,887.0,[0887] MOTOCLASICO 4T SAE 20W-,2026-05-07,USD,USD,90.0,66.0,mar12,66.0,82.0,por_encima,24.0,36.36363636363637,8.0
S00335,877.0,[0877] SS EXTRA PROTECCION API,2026-05-07,USD,USD,100.0,72.0,mar12,72.0,96.0,por_encima,28.0,38.88888888888889,4.0
S00335,884.0,[0884] TRANSMATIC ATF DEXRON I,2026-05-07,USD,USD,96.0,67.0,mar12,67.0,83.0,por_encima,29.0,43.28358208955223,13.0
S00336,877.0,[0877] SS EXTRA PROTECCION API,2026-05-07,USD,USD,100.0,72.0,mar12,72.0,96.0,por_encima,28.0,38.88888888888889,4.0
S00336,1.0,[0001] ELITE API SP SAE 0W-20 ,2026-05-07,USD,USD,0.0,49.0,mar12,49.0,61.0,por_debajo,49.0,-100.0,49.0
S00338,887.0,[0887] MOTOCLASICO 4T SAE 20W-,2026-05-07,USD,USD,90.0,66.0,mar12,66.0,82.0,por_encima,24.0,36.36363636363637,8.0
S00341,877.0,[0877] SS EXTRA PROTECCION API,2026-05-07,USD,USD,100.0,72.0,mar12,72.0,96.0,por_encima,28.0,38.88888888888889,4.0
S00344,774.0,[0774] LIGA PARA FRENOS DOT-4 ,2026-05-07,USD,USD,64.0,47.0,mar12,47.0,59.0,por_encima,17.0,36.17021276595745,5.0
S00349,774.0,[0774] LIGA PARA FRENOS DOT-4 ,2026-05-08,VES,VES,64.0,59.0,feb23,47.0,59.0,por_encima,5.0,8.47457627118644,5.0
S00354,884.0,[0884] TRANSMATIC ATF DEXRON I,2026-05-11,USD,USD,96.0,67.0,mar12,67.0,83.0,por_encima,29.0,43.28358208955223,13.0
S00355,887.0,[0887] MOTOCLASICO 4T SAE 20W-,2026-05-11,USD,USD,89.8921,66.0,mar12,66.0,82.0,por_encima,23.8921,36.20015151515151,7.892099999999999
S00355,881.0,[0881] CLASICO API SL SAE 20W-,2026-05-11,USD,USD,86.8957,63.0,mar12,63.0,79.0,por_encima,23.895700000000005,37.929682539682545,7.895700000000005
S00355,884.0,[0884] TRANSMATIC ATF DEXRON I,2026-05-11,USD,USD,95.8849,67.0,mar12,67.0,83.0,por_encima,28.884900000000002,43.11179104477612,12.884900000000002
S00355,880.0,[0880] CLASICO API SL SAE 15W-,2026-05-11,USD,USD,84.8981,62.0,mar12,62.0,78.0,por_encima,22.8981,36.93241935483871,6.8980999999999995
S00355,878.0,[0878] SS EXTRA PROTECCION API,2026-05-11,USD,USD,99.8802,72.0,mar12,72.0,90.0,por_encima,27.880200000000002,38.722500000000004,9.880200000000002
S00355,877.0,[0877] SS EXTRA PROTECCION API,2026-05-11,USD,USD,99.8802,72.0,mar12,72.0,96.0,por_encima,27.880200000000002,38.722500000000004,3.880200000000002
S00356,878.0,[0878] SS EXTRA PROTECCION API,2026-05-11,USD,USD,99.8802,72.0,mar12,72.0,90.0,por_encima,27.880200000000002,38.722500000000004,9.880200000000002
S00361,887.0,[0887] MOTOCLASICO 4T SAE 20W-,2026-05-11,VES,VES,89.8921,82.0,feb23,66.0,82.0,por_encima,7.892099999999999,9.624512195121952,7.892099999999999
S00361,880.0,[0880] CLASICO API SL SAE 15W-,2026-05-11,VES,VES,84.8981,78.0,feb23,62.0,78.0,por_encima,6.8980999999999995,8.843717948717948,6.8980999999999995
S00214,85.0,[0085] MAXIMO API CF SAE 50 (T,2026-05-12,VES,VES,1193.1,1030.0,feb23,824.0,1030.0,por_encima,163.0999999999999,15.83495145631067,163.0999999999999
S00214,75.0,[0075] SUPREMO API CI-4 SAE 15,2026-05-12,VES,VES,1334.22,1167.0,feb23,933.0,1167.0,por_encima,167.22000000000003,14.329048843187664,167.22000000000003
S00214,146.0,[0146] HIDRAGLOB AW/ISO 68 (Ta,2026-05-12,VES,VES,1157.7,998.0,feb23,799.0,998.0,por_encima,159.70000000000005,16.002004008016037,159.70000000000005
S00214,125.0,[0125] TRANSGLOB API GL-5 SAE ,2026-05-12,VES,VES,1317.4192,1195.0,feb23,956.0,1195.0,por_encima,122.41920000000005,10.244284518828456,122.41920000000005
S00366,25.0,[0025] SS EXTRA PROTECCION API,2026-05-12,USD,USD,49.9401,36.0,mar12,36.0,45.0,por_encima,13.940100000000001,38.722500000000004,4.940100000000001
S00369,877.0,[0877] SS EXTRA PROTECCION API,2026-05-12,USD,USD,65.52,72.0,mar12,72.0,96.0,por_debajo,6.480000000000004,-9.000000000000005,6.480000000000004
S00373,127.0,[0127] TRANSGLOB API GL-5 SAE ,2026-05-13,USD,USD,52.0893,36.0,mar12,36.0,45.0,por_encima,16.0893,44.6925,7.0893000000000015
S00373,884.0,[0884] TRANSMATIC ATF DEXRON I,2026-05-13,USD,USD,94.3504,67.0,mar12,67.0,83.0,por_encima,27.350399999999993,40.821492537313425,11.350399999999993
S00373,881.0,[0881] CLASICO API SL SAE 20W-,2026-05-13,USD,USD,85.505,63.0,mar12,63.0,79.0,por_encima,22.504999999999995,35.722222222222214,6.5049999999999955
S00373,762.0,[0762] LIGA PARA FRENOS DOT-3 ,2026-05-13,USD,USD,55.0377,39.0,mar12,39.0,49.0,por_encima,16.0377,41.1223076923077,6.037700000000001
S00373,121.0,[0121] TRANSGLOB API GL-5 SAE ,2026-05-13,USD,USD,51.1065,36.0,mar12,36.0,45.0,por_encima,15.106499999999997,41.96249999999999,6.106499999999997
S00376,887.0,[0887] MOTOCLASICO 4T SAE 20W-,2026-05-13,USD,USD,88.4535,66.0,mar12,66.0,82.0,por_encima,22.453500000000005,34.020454545454555,6.453500000000005
S00379,127.0,[0127] TRANSGLOB API GL-5 SAE ,2026-05-13,VES,VES,52.0893,45.0,feb23,36.0,45.0,por_encima,7.0893000000000015,15.754000000000005,7.0893000000000015
S00380,93.0,[0093] ALTA CILINDRADA SS API ,2026-05-13,USD,USD,45.2096,34.0,mar12,34.0,42.0,por_encima,11.209600000000002,32.96941176470589,3.209600000000002
S00328,75.0,[0075] SUPREMO API CI-4 SAE 15,2026-05-13,USD,USD,1247.84,933.0,mar12,933.0,1167.0,por_encima,314.8399999999999,33.74490889603429,80.83999999999992
S00328,85.0,[0085] MAXIMO API CF SAE 50 (T,2026-05-13,USD,USD,1115.95,824.0,mar12,824.0,1030.0,por_encima,291.95000000000005,35.43082524271845,85.95000000000005
S00328,146.0,[0146] HIDRAGLOB AW/ISO 68 (Ta,2026-05-13,USD,USD,1082.33,799.0,mar12,799.0,998.0,por_encima,283.3299999999999,35.46057571964955,84.32999999999993
S00357,970.0,[0970] GRASA GLOBAL AT 250 AR-,2026-05-13,USD,USD,271.0,179.0,mar12,179.0,224.0,por_encima,92.0,51.39664804469274,47.0
S00397,83.0,[0083] MAXIMO API CF SAE 50 (P,2026-05-15,USD,USD,112.73,81.0,mar12,81.0,102.0,por_encima,31.730000000000004,39.17283950617285,10.730000000000004
S00400,884.0,[0884] TRANSMATIC ATF DEXRON I,2026-05-15,VES,VES,95.49,83.0,feb23,67.0,83.0,por_encima,12.489999999999995,15.04819277108433,12.489999999999995
S00400,887.0,[0887] MOTOCLASICO 4T SAE 20W-,2026-05-15,VES,VES,90.19,82.0,feb23,66.0,82.0,por_encima,8.189999999999998,9.987804878048777,8.189999999999998
S00402,887.0,[0887] MOTOCLASICO 4T SAE 20W-,2026-05-15,USD,USD,90.19,66.0,mar12,66.0,82.0,por_encima,24.189999999999998,36.65151515151515,8.189999999999998
S00401,93.0,[0093] ALTA CILINDRADA SS API ,2026-05-15,USD,USD,46.42,34.0,mar12,34.0,42.0,por_encima,12.420000000000002,36.52941176470589,4.420000000000002
S00404,887.0,[0887] MOTOCLASICO 4T SAE 20W-,2026-05-15,USD,USD,59.0,66.0,mar12,66.0,82.0,por_debajo,7.0,-10.606060606060606,7.0
S00405,884.0,[0884] TRANSMATIC ATF DEXRON I,2026-05-18,USD,USD,95.49,67.0,mar12,67.0,83.0,por_encima,28.489999999999995,42.522388059701484,12.489999999999995
S00408,884.0,[0884] TRANSMATIC ATF DEXRON I,2026-05-18,USD,USD,95.49,67.0,mar12,67.0,83.0,por_encima,28.489999999999995,42.522388059701484,12.489999999999995
S00291,83.0,[0083] MAXIMO API CF SAE 50 (P,2026-05-18,USD,USD,73.2759,81.0,mar12,81.0,102.0,por_debajo,7.724100000000007,-9.535925925925936,7.724100000000007
S00291,144.0,[0144] HIDRAGLOB AW/ISO 68 (PA,2026-05-18,USD,USD,61.2069,73.0,mar12,73.0,91.0,por_debajo,11.793100000000003,-16.15493150684932,11.793100000000003
S00410,881.0,[0881] CLASICO API SL SAE 20W-,2026-05-18,VES,VES,86.21,79.0,feb23,63.0,79.0,por_encima,7.209999999999994,9.126582278481004,7.209999999999994
S00410,878.0,[0878] SS EXTRA PROTECCION API,2026-05-18,VES,VES,100.8,90.0,feb23,72.0,90.0,por_encima,10.799999999999997,11.999999999999996,10.799999999999997
S00410,880.0,[0880] CLASICO API SL SAE 15W-,2026-05-18,VES,VES,86.21,78.0,feb23,62.0,78.0,por_encima,8.209999999999994,10.525641025641018,8.209999999999994
S00410,775.0,[0775] LIGA PARA FRENOS DOT-4 ,2026-05-18,VES,VES,41.11,38.0,feb23,31.0,38.0,por_encima,3.1099999999999994,8.184210526315788,3.1099999999999994
S00411,121.0,[0121] TRANSGLOB API GL-5 SAE ,2026-05-19,USD,USD,51.72,36.0,mar12,36.0,45.0,por_encima,15.719999999999999,43.666666666666664,6.719999999999999
S00411,884.0,[0884] TRANSMATIC ATF DEXRON I,2026-05-19,USD,USD,95.49,67.0,mar12,67.0,83.0,por_encima,28.489999999999995,42.522388059701484,12.489999999999995
S00414,775.0,[0775] LIGA PARA FRENOS DOT-4 ,2026-05-19,VES,VES,41.11,38.0,feb23,31.0,38.0,por_encima,3.1099999999999994,8.184210526315788,3.1099999999999994
S00414,880.0,[0880] CLASICO API SL SAE 15W-,2026-05-19,VES,VES,86.21,78.0,feb23,62.0,78.0,por_encima,8.209999999999994,10.525641025641018,8.209999999999994
S00416,880.0,[0880] CLASICO API SL SAE 15W-,2026-05-20,MIXTO,USD(mixto->Binance),86.21,62.0,mar12,62.0,78.0,por_encima,24.209999999999994,39.048387096774185,8.209999999999994
S00422,884.0,[0884] TRANSMATIC ATF DEXRON I,2026-05-20,USD,USD,95.49,67.0,mar12,67.0,83.0,por_encima,28.489999999999995,42.522388059701484,12.489999999999995
S00425,877.0,[0877] SS EXTRA PROTECCION API,2026-05-20,USD,USD,100.8,72.0,mar12,72.0,96.0,por_encima,28.799999999999997,40.0,4.799999999999997
S00425,880.0,[0880] CLASICO API SL SAE 15W-,2026-05-20,USD,USD,86.21,62.0,mar12,62.0,78.0,por_encima,24.209999999999994,39.048387096774185,8.209999999999994
S00425,887.0,[0887] MOTOCLASICO 4T SAE 20W-,2026-05-20,USD,USD,90.19,66.0,mar12,66.0,82.0,por_encima,24.189999999999998,36.65151515151515,8.189999999999998
S00428,880.0,[0880] CLASICO API SL SAE 15W-,2026-05-21,USD,USD,86.21,62.0,mar12,62.0,78.0,por_encima,24.209999999999994,39.048387096774185,8.209999999999994
S00428,877.0,[0877] SS EXTRA PROTECCION API,2026-05-21,USD,USD,100.8,72.0,mar12,72.0,96.0,por_encima,28.799999999999997,40.0,4.799999999999997
S00429,884.0,[0884] TRANSMATIC ATF DEXRON I,2026-05-21,USD,USD,95.49,67.0,mar12,67.0,83.0,por_encima,28.489999999999995,42.522388059701484,12.489999999999995
S00429,885.0,[0885] TRANSMATIC ATF MERCON V,2026-05-21,USD,USD,157.82,105.0,mar12,105.0,131.0,por_encima,52.81999999999999,50.3047619047619,26.819999999999993
S00429,795.0,[0795] REFRIGERANTE GLOBAL ORA,2026-05-21,USD,USD,51.72,34.0,mar12,34.0,43.0,por_encima,17.72,52.11764705882352,8.719999999999999
S00431,887.0,[0887] MOTOCLASICO 4T SAE 20W-,2026-05-21,VES,VES,90.19,82.0,feb23,66.0,82.0,por_encima,8.189999999999998,9.987804878048777,8.189999999999998
S00431,881.0,[0881] CLASICO API SL SAE 20W-,2026-05-21,VES,VES,86.21,79.0,feb23,63.0,79.0,por_encima,7.209999999999994,9.126582278481004,7.209999999999994
S00434,887.0,[0887] MOTOCLASICO 4T SAE 20W-,2026-05-22,USD,USD,90.19,66.0,mar12,66.0,82.0,por_encima,24.189999999999998,36.65151515151515,8.189999999999998
S00433,877.0,[0877] SS EXTRA PROTECCION API,2026-05-22,USD,USD,100.8,72.0,mar12,72.0,96.0,por_encima,28.799999999999997,40.0,4.799999999999997
S00435,141.0,[0141] HIDRAGLOB AW/ISO 46 (Ta,2026-05-22,VES,VES,1232.1,1131.0,feb23,905.0,1131.0,por_encima,101.09999999999991,8.938992042440312,101.09999999999991
S00439,887.0,[0887] MOTOCLASICO 4T SAE 20W-,2026-05-25,USD,USD,90.19,66.0,mar12,66.0,82.0,por_encima,24.189999999999998,36.65151515151515,8.189999999999998
S00441,73.0,[0073] SUPREMO API CI-4 SAE 15,2026-05-25,USD,USD,127.32,91.0,mar12,91.0,114.0,por_encima,36.31999999999999,39.912087912087905,13.319999999999993
S00441,107.0,[0107] TRANSMATIC ATF DEXRON I,2026-05-25,USD,USD,125.99,91.0,mar12,91.0,114.0,por_encima,34.989999999999995,38.450549450549445,11.989999999999995
S00441,123.0,[0123] TRANSGLOB API GL-5 SAE ,2026-05-25,USD,USD,123.34,89.0,mar12,89.0,112.0,por_encima,34.34,38.58426966292135,11.340000000000003
S00441,13.0,[0013] ELITE API SN SAE 5W-30 ,2026-05-25,USD,USD,72.94,46.0,mar12,46.0,58.0,por_encima,26.939999999999998,58.565217391304344,14.939999999999998
S00443,880.0,[0880] CLASICO API SL SAE 15W-,2026-05-25,VES,VES,86.21,78.0,feb23,62.0,78.0,por_encima,8.209999999999994,10.525641025641018,8.209999999999994
S00443,121.0,[0121] TRANSGLOB API GL-5 SAE ,2026-05-25,VES,VES,51.72,45.0,feb23,36.0,45.0,por_encima,6.719999999999999,14.933333333333332,6.719999999999999
S00427,146.0,[0146] HIDRAGLOB AW/ISO 68 (Ta,2026-05-26,VES,VES,1103.45,998.0,feb23,799.0,998.0,por_encima,105.45000000000005,10.566132264529063,105.45000000000005
S00427,75.0,[0075] SUPREMO API CI-4 SAE 15,2026-05-26,VES,VES,1271.88,1167.0,feb23,933.0,1167.0,por_encima,104.88000000000011,8.98714652956299,104.88000000000011
S00427,85.0,[0085] MAXIMO API CF SAE 50 (T,2026-05-26,VES,VES,1136.6,1030.0,feb23,824.0,1030.0,por_encima,106.59999999999991,10.349514563106787,106.59999999999991
S00452,73.0,[0073] SUPREMO API CI-4 SAE 15,2026-05-26,USD,USD,127.32,91.0,mar12,91.0,114.0,por_encima,36.31999999999999,39.912087912087905,13.319999999999993
S00452,796.0,[0796] REFRIGERANTE GLOBAL ORA,2026-05-26,USD,USD,100.8,67.0,mar12,67.0,83.0,por_encima,33.8,50.44776119402985,17.799999999999997
S00451,877.0,[0877] SS EXTRA PROTECCION API,2026-05-26,USD,USD,100.8,72.0,mar12,72.0,96.0,por_encima,28.799999999999997,40.0,4.799999999999997
S00451,83.0,[0083] MAXIMO API CF SAE 50 (P,2026-05-26,USD,USD,112.73,81.0,mar12,81.0,102.0,por_encima,31.730000000000004,39.17283950617285,10.730000000000004
S00454,792.0,[0792] REFRIGERANTE GLOBAL ROJ,2026-05-26,VES,VES,34.48,29.0,feb23,24.0,29.0,por_encima,5.479999999999997,18.896551724137918,5.479999999999997
S00457,795.0,[0795] REFRIGERANTE GLOBAL ORA,2026-05-28,USD,USD,51.72,34.0,mar12,34.0,43.0,por_encima,17.72,52.11764705882352,8.719999999999999
S00457,73.0,[0073] SUPREMO API CI-4 SAE 15,2026-05-28,USD,USD,127.32,91.0,mar12,91.0,114.0,por_encima,36.31999999999999,39.912087912087905,13.319999999999993
S00467,888.0,[0888] ENDUROGLOB 2T AIRE (1x1,2026-06-01,USD,USD,99.47,66.0,mar12,66.0,82.0,por_encima,33.47,50.71212121212121,17.47
S00471,83.0,[0083] MAXIMO API CF SAE 50 (P,2026-06-01,VES,VES,112.73,102.0,feb23,81.0,102.0,por_encima,10.730000000000004,10.519607843137258,10.730000000000004
S00489,887.0,[0887] MOTOCLASICO 4T SAE 20W-,2026-06-03,VES,VES,90.19,82.0,feb23,66.0,82.0,por_encima,8.189999999999998,9.987804878048777,8.189999999999998
S00489,881.0,[0881] CLASICO API SL SAE 20W-,2026-06-03,VES,VES,86.21,79.0,feb23,63.0,79.0,por_encima,7.209999999999994,9.126582278481004,7.209999999999994
S00502,878.0,[0878] SS EXTRA PROTECCION API,2026-06-04,USD,USD,100.8,72.0,mar12,72.0,90.0,por_encima,28.799999999999997,40.0,10.799999999999997
S00507,887.0,[0887] MOTOCLASICO 4T SAE 20W-,2026-06-04,VES,VES,90.19,82.0,feb23,66.0,82.0,por_encima,8.189999999999998,9.987804878048777,8.189999999999998
S00507,93.0,[0093] ALTA CILINDRADA SS API ,2026-06-04,VES,VES,46.42,42.0,feb23,34.0,42.0,por_encima,4.420000000000002,10.523809523809529,4.420000000000002
S00506,877.0,[0877] SS EXTRA PROTECCION API,2026-06-05,USD,USD,65.5172,72.0,mar12,72.0,96.0,por_debajo,6.4827999999999975,-9.003888888888884,6.4827999999999975
S00513,877.0,[0877] SS EXTRA PROTECCION API,2026-06-05,USD,USD,65.5172,72.0,mar12,72.0,96.0,por_debajo,6.4827999999999975,-9.003888888888884,6.4827999999999975
S00525,881.0,[0881] CLASICO API SL SAE 20W-,2026-06-09,USD,USD,85.5428,63.0,mar12,63.0,79.0,por_encima,22.5428,35.782222222222224,6.5428
S00540,774.0,[0774] LIGA PARA FRENOS DOT-4 ,2026-06-10,VES,VES,63.9245,59.0,feb23,47.0,59.0,por_encima,4.924500000000002,8.346610169491528,4.924500000000002
S00540,884.0,[0884] TRANSMATIC ATF DEXRON I,2026-06-10,VES,VES,93.9244,83.0,feb23,67.0,83.0,por_encima,10.924400000000006,13.16192771084338,10.924400000000006
S00538,884.0,[0884] TRANSMATIC ATF DEXRON I,2026-06-10,MIXTO,USD(mixto->Binance),93.9244,67.0,mar12,67.0,83.0,por_encima,26.924400000000006,40.18567164179105,10.924400000000006
S00538,163.0,[0163] CARIBE FUERA DE BORDA T,2026-06-10,MIXTO,USD(mixto->Binance),48.2655,33.0,mar12,33.0,41.0,por_encima,15.265500000000003,46.259090909090915,7.265500000000003
S00538,885.0,[0885] TRANSMATIC ATF MERCON V,2026-06-10,MIXTO,USD(mixto->Binance),155.2325,105.0,mar12,105.0,131.0,por_encima,50.23249999999999,47.84047619047618,24.232499999999987
S00570,561.0,[0561] MEJORADOR DE OCTANAJE G,2026-06-16,MIXTO,USD(mixto->Binance),33.6207,51.72,jun15USD,51.72,43.0,por_debajo,18.0993,-34.99477958236659,9.3793
S00585,883.0,[0883] GRASA GLOBAL AZUL AZ 95,2026-06-19,USD,USD,107.0023,115.38,jun15USD,115.38,95.0,por_debajo,8.37769999999999,-7.2609637718842,8.37769999999999
S00585,1035.0,[1035] SINOCO HIDRAULICO ISO 6,2026-06-19,USD,USD,79.9503,86.21,jun15USD,86.21,,por_debajo,6.259699999999995,-7.260990604338239,6.259699999999995
S00555,606.0,[0606] SINOCO SAE 20W-50 (Tamb,2026-06-19,USD,USD,846.2156,912.47,jun15USD,912.47,,por_debajo,66.25440000000003,-7.260994882023522,66.25440000000003
